id,sqft,age,features,prediction
1,1200,15,"[1200.0,15.0]",309.98919677734375
2,850,30,"[850.0,30.0]",194.98495483398438
3,2000,5,"[2000.0,5.0]",459.9581298828125
4,1500,20,"[1500.0,20.0]",339.9799499511719
5,1100,25,"[1100.0,25.0]",230.17367553710938
